trait,accuracy
cEXT,0.5748987854251012
cNEU,0.5303643724696356
cAGR,0.5452091767881242
cCON,0.5195681511470985
cOPN,0.573549257759784
