trait,accuracy
cEXT,0.47368421052631576
cNEU,0.5128205128205128
cAGR,0.4642375168690958
cCON,0.4750337381916329
cOPN,0.5168690958164642
