trait,accuracy
cEXT,0.48043184885290147
cNEU,0.4898785425101215
cAGR,0.46558704453441296
cCON,0.5290148448043185
cOPN,0.5721997300944669
