trait,accuracy
cEXT,0.5236167341430499
cNEU,0.5195681511470985
cAGR,0.5317139001349528
cCON,0.4993252361673414
cOPN,0.5519568151147098
