trait,accuracy
cEXT,0.543859649122807
cNEU,0.5074224021592443
cAGR,0.5141700404858299
cCON,0.5398110661268556
cOPN,0.5775978407557355
