trait,accuracy
cEXT,0.5290148448043185
cNEU,0.4939271255060729
cAGR,0.5371120107962213
cCON,0.5317139001349528
cOPN,0.5775978407557355
