trait,accuracy
cEXT,0.5479082321187584
cNEU,0.4885290148448043
cAGR,0.5371120107962213
cCON,0.5263157894736842
cOPN,0.5155195681511471
