trait,accuracy
cEXT,0.5573549257759784
cNEU,0.553306342780027
cAGR,0.5506072874493927
cCON,0.5290148448043185
cOPN,0.5371120107962213
